{
  "seed": -8938.800000000047,
  "best": -11506.200000000026,
  "improvement": 2567.3999999999796,
  "improvement_pct": 28.72197610417468,
  "units": "weighted_cnot_delta_score",
  "direction": "lower_is_better",
  "validation_status": "exact-replay",
  "baseline_weighted_cnot_delta": 8938.800000000047,
  "accepted_weighted_cnot_delta": 11506.200000000026,
  "weighted_cnot_delta_gain": 2567.3999999999796,
  "lightsabre_relative_improvement_pct": 3.9905737545281035,
  "candidate_added_cnot": 295782,
  "lightsabre_added_cnot": 308076,
  "sabre_added_cnot": 333756,
  "added_cnot_reduction_vs_lightsabre": 12294,
  "added_cnot_reduction_vs_lightsabre_pct": 3.9905737545281035,
  "added_cnot_reduction_vs_sabre": 37974,
  "added_cnot_reduction_vs_sabre_pct": 11.37777298385647,
  "valid_rate": 1,
  "ok_cases": 72,
  "total_cases": 72,
  "total_depth": 368811,
  "total_swaps": 98594,
  "wins_vs_lightsabre": 31,
  "ties_vs_lightsabre": 6,
  "losses_vs_lightsabre": 35,
  "q20_relative_improvement_pct": 17.38523650500922,
  "willow_relative_improvement_pct": 2.11945002988968,
  "heron_fez_relative_improvement_pct": -0.3709603508848495
}
