{
  "seed": -0.9597783591318301,
  "best": -2.6359830849768984,
  "improvement": 1.6762047258450683,
  "improvement_pct": 174.6449802599512,
  "units": "score",
  "direction": "lower_is_better",
  "validation_status": "contact-system-reconstruction-with-accepted-trace",
  "seed_sum_radii": 0.9597783591318301,
  "accepted_sum_radii": 2.6359830849768984,
  "sum_radii_gain": 1.6762047258450683,
  "known_target_sum_radii": 2.635983,
  "known_target_gap": 0.0,
  "circle_count": 26,
  "valid_rate": 1,
  "boundary_contact_count": 20,
  "pairwise_contact_count": 58,
  "interior_circle_count": 10,
  "min_radius": 0.06918067635842222,
  "max_radius": 0.13701043012592073,
  "mean_radius": 0.10138396480680378,
  "validity_margin": -3.786615465628529e-11
}
