{
  "schema_version": "result-replay/v1",
  "candidate_id": "gen-189-i1-w1-a0-3b514aa6b0c5f426",
  "valid": true,
  "score": -2.6359830849768984,
  "metrics": {
    "seed": -0.9597783591318301,
    "best": -2.6359830849768984,
    "improvement": 1.6762047258450683,
    "improvement_pct": 174.6449802599512,
    "units": "score",
    "direction": "lower_is_better",
    "validation_status": "contact-system-reconstruction-with-accepted-trace",
    "seed_sum_radii": 0.9597783591318301,
    "accepted_sum_radii": 2.6359830849768984,
    "sum_radii_gain": 1.6762047258450683,
    "known_target_sum_radii": 2.635983,
    "known_target_gap": 0.0,
    "circle_count": 26,
    "valid_rate": 1,
    "boundary_contact_count": 20,
    "pairwise_contact_count": 58,
    "interior_circle_count": 10,
    "min_radius": 0.06918067635842222,
    "max_radius": 0.13701043012592073,
    "mean_radius": 0.10138396480680378,
    "validity_margin": -3.786615465628529e-11,
    "score": -2.6359830849768984,
    "sum_radii": 2.6359830849768984,
    "duration": 5.635728833032772,
    "contact_count": 78.0,
    "mean_boundary_slack": 0.3986160351931962,
    "mean_nearest_pairwise_slack": -1.1349917800479021e-11,
    "min_boundary_slack": -2.902122986370159e-13,
    "min_pairwise_slack": -3.786615465628529e-11,
    "radius_cv": 0.16607078593272617,
    "radius_std": 0.016836914716441755,
    "small_radius_count": 0.0
  },
  "trace": {
    "centers": [
      [
        0.11077901279364274,
        0.11077901279355457
      ],
      [
        0.8888438205888403,
        0.11115617941098548
      ],
      [
        0.08463950069534451,
        0.9153604993049241
      ],
      [
        0.9150737375490033,
        0.9150737375488359
      ],
      [
        0.23971052793208728,
        0.2363264306231994
      ],
      [
        0.3131158099767116,
        0.0923915515737816
      ],
      [
        0.4994283691476152,
        0.09392733728012849
      ],
      [
        0.685943021989605,
        0.09259209494820304
      ],
      [
        0.7593524015586192,
        0.23704113635341204
      ],
      [
        0.09573232930886312,
        0.31674146503447387
      ],
      [
        0.903848665948665,
        0.31791995707343096
      ],
      [
        0.10306052014333585,
        0.5153991973589621
      ],
      [
        0.403358783609369,
        0.25758295050270297
      ],
      [
        0.5952197329547124,
        0.2579505565412831
      ],
      [
        0.7269057143138715,
        0.4039572981006056
      ],
      [
        0.2716298514917999,
        0.4023652036218599
      ],
      [
        0.49866807551444825,
        0.4700365802532063
      ],
      [
        0.7026096037112929,
        0.6183341555542937
      ],
      [
        0.8965327666343095,
        0.5174044178087025
      ],
      [
        0.10679014462412563,
        0.7252167166548484
      ],
      [
        0.29474605905732326,
        0.6130764466215791
      ],
      [
        0.49553176069576454,
        0.7246573832339701
      ],
      [
        0.7023095251020096,
        0.8667414272336256
      ],
      [
        0.8948174397378384,
        0.7260471603907755
      ],
      [
        0.2946094887898283,
        0.8697788989223353
      ],
      [
        0.4972844462250011,
        0.9211396270815225
      ]
    ],
    "radii": [
      0.11077901279375828,
      0.11115617941117303,
      0.08463950069528964,
      0.08492626245124503,
      0.06918067635842222,
      0.09239155157398098,
      0.09392733728001253,
      0.09259209494819712,
      0.06944019372198032,
      0.09573232930888503,
      0.09615133405137682,
      0.10306052014336829,
      0.09584232574801364,
      0.09601897576392525,
      0.1006003678107661,
      0.09989835059601744,
      0.13701043012592073,
      0.11514888016663019,
      0.10346723336578298,
      0.10679014462431484,
      0.11207708896887669,
      0.11762968804367435,
      0.13325857276666464,
      0.10518256026223712,
      0.1302211010779452,
      0.07886037291843986
    ],
    "reported_sum": 2.6359830849768984
  },
  "notes": "Sanitized replay generated from the seeded continuation accepted trace. The public candidate reconstructs the contact system and validates against this retained geometry to make numerical drift explicit."
}
