{
  "schema_version": "result-replay/v1",
  "candidate_id": "gen-288-i1-w1-a0-baae1bca2c04c4d0",
  "valid": true,
  "score": -2.6359773947541023,
  "metrics": {
    "seed": -0.9597783591318301,
    "best": -2.6359773947541023,
    "improvement": 1.6761990356222722,
    "improvement_pct": 174.64438739153093,
    "units": "score",
    "direction": "lower_is_better",
    "validation_status": "contact-system-construction",
    "seed_sum_radii": 0.9597783591318301,
    "accepted_sum_radii": 2.6359773947541023,
    "sum_radii_gain": 1.6761990356222722,
    "known_target_sum_radii": 2.635,
    "known_target_gap": 0.0,
    "circle_count": 26,
    "valid_rate": 1,
    "boundary_contact_count": 20,
    "pairwise_contact_count": 58,
    "interior_circle_count": 10,
    "min_radius": 0.06935728482282306,
    "max_radius": 0.13512828357180387,
    "mean_radius": 0.10138374595208086,
    "validity_margin": -1.757760603737779e-13,
    "score": -2.6359773947541023,
    "sum_radii": 2.6359773947541023,
    "duration": 71.12237416702555,
    "contact_count": 78.0,
    "mean_boundary_slack": 0.39861625404791917,
    "mean_nearest_pairwise_slack": -3.6887159993170826e-14,
    "min_boundary_slack": -2.7755575615628914e-17,
    "min_pairwise_slack": -1.757760603737779e-13,
    "radius_cv": 0.16594642556748807,
    "radius_std": 0.016824270251390105,
    "small_radius_count": 0.0
  },
  "trace": {
    "centers": [
      [
        0.11106329209086832,
        0.11106329209086832
      ],
      [
        0.888936707909133,
        0.11106329209086692
      ],
      [
        0.08468730125812243,
        0.9153126987418776
      ],
      [
        0.9153126987418873,
        0.9153126987418873
      ],
      [
        0.24050140786783195,
        0.2367508362549001
      ],
      [
        0.31372998221418164,
        0.0924558117094507
      ],
      [
        0.4999999999999948,
        0.09381919558221423
      ],
      [
        0.6862700177858143,
        0.09245581170945771
      ],
      [
        0.7594985921321694,
        0.23675083625491172
      ],
      [
        0.09615849835821327,
        0.31774836063891015
      ],
      [
        0.4042802775554262,
        0.2574123989309426
      ],
      [
        0.5957197224445402,
        0.25741239893093926
      ],
      [
        0.7268072190484942,
        0.40347135159959874
      ],
      [
        0.9038415016418008,
        0.31774836063889983
      ],
      [
        0.10371709930578901,
        0.5174809871506102
      ],
      [
        0.2731927809515036,
        0.4034713515996693
      ],
      [
        0.5000000000000024,
        0.4674803322688273
      ],
      [
        0.7008876686602488,
        0.6188749350440701
      ],
      [
        0.8962829006941926,
        0.5174809871505799
      ],
      [
        0.10527607855639723,
        0.7264683503490508
      ],
      [
        0.29911233133975484,
        0.6188749350440892
      ],
      [
        0.5000000000000223,
        0.7302060410246319
      ],
      [
        0.7035654987557273,
        0.867639905759555
      ],
      [
        0.8947239214435919,
        0.7264683503490256
      ],
      [
        0.2964345012442951,
        0.8676399057595537
      ],
      [
        0.5000000000000133,
        0.921730729111655
      ]
    ],
    "radii": [
      0.11106329209086832,
      0.11106329209086692,
      0.08468730125812243,
      0.08468730125811275,
      0.06935728482282306,
      0.0924558117094507,
      0.09381919558221423,
      0.09245581170945771,
      0.06935728482285473,
      0.09615849835821327,
      0.0957197224445576,
      0.09571972244456182,
      0.1005381421636136,
      0.0961584983581992,
      0.10371709930578901,
      0.10053814216359638,
      0.13512828357180387,
      0.11641928880620618,
      0.1037170993058074,
      0.10527607855639723,
      0.11641928880626752,
      0.11325541719867419,
      0.132360094240445,
      0.10527607855640804,
      0.13236009424044626,
      0.07826927088834504
    ],
    "reported_sum": 2.6359773947541023
  },
  "notes": "Sanitized replay generated from the public contact-system candidate. The original program.py baseline is retained separately in evolution.json for trajectory accuracy."
}
